{"cameraMode":{"drawMode":24,"name":"Light Overlap","section":"Baked Global Illumination"},"sceneLighting":false,"audioPlay":false,"sceneViewState":{"m_AlwaysRefresh":false,"showFog":true,"showSkybox":false,"showFlares":true,"showImageEffects":true,"showParticleSystems":true,"showVisualEffectGraphs":true,"m_FxEnabled":true},"in2DMode":false,"pivot":{"x":0.00013974308967590332,"y":0.2542213797569275,"z":0.10071486234664917},"rotation":{"x":-0.14045296609401704,"y":-0.15895448625087739,"z":0.0230233334004879,"w":-0.976995050907135},"size":2.0436341762542726,"orthographic":true}